<?xml version="1.0" encoding="UTF-8"?>
<configuration>
    <include resource="org/springframework/boot/logging/logback/defaults.xml"/>

    <property name="LOG_PATH" value="logs"/>

    <appender name="stdout" class="ch.qos.logback.core.ConsoleAppender">
        <layout class="ch.qos.logback.classic.PatternLayout">
            <Pattern>
                %d{yyyy-MM-dd HH:mm:ss} %X{X-Nav-CallId} [%thread] %-5level %logger{70} - %msg%n
            </Pattern>
        </layout>
    </appender>
    <appender name="SAVE-TO-FILE" class="ch.qos.logback.core.FileAppender">
        <file>${LOG_PATH}/eux-rina-irsync.log</file>
        <encoder class="net.logstash.logback.encoder.LogstashEncoder"/>
    </appender>

    <root level="INFO">
        <appender-ref ref="stdout"/>
        <appender-ref ref="SAVE-TO-FILE"/>
    </root>

</configuration>